"";"n";"fig1_main_rows_removed";"fig1c_lr_cleaned";"mon6_dg";"nork62398";"p6_smith_dg";"shep_071795";"unknown26"
"1";0;1,00393700787402;1,00549450549451;1,00595238095238;0,916666666666667;0,993055555555556;1,30909090909091;1,00520833333333
"2";1;1,00393700787402;1,00549450549451;1,00595238095238;0,916666666666667;0,979166666666667;1,30909090909091;1,00520833333333
"3";2;1,00393700787402;0,994505494505495;0,994047619047619;0,816666666666667;0,965277777777778;1,30909090909091;1,00520833333333
"4";3;1,00393700787402;0,950549450549451;0,946428571428571;0,816666666666667;0,965277777777778;1,29090909090909;1,00520833333333
"5";4;1,00393700787402;0,950549450549451;0,958333333333333;0,883333333333333;0,951388888888889;1,30909090909091;1,00520833333333
"6";5;1,00393700787402;0,93956043956044;0,970238095238095;0,85;0,951388888888889;1,30909090909091;1,00520833333333
"7";6;1,00393700787402;0,906593406593407;0,982142857142857;0,85;0,979166666666667;1,30909090909091;1,00520833333333
"8";7;1,00393700787402;0,884615384615385;0,994047619047619;0,916666666666667;0,965277777777778;1,27272727272727;1,00520833333333
"9";8;1,00393700787402;0,895604395604396;1,00595238095238;0,916666666666667;0,9375;1,25454545454545;1,00520833333333
"10";9;1,00393700787402;0,873626373626374;1,00595238095238;0,916666666666667;0,881944444444444;1,23636363636364;1,00520833333333
"11";10;1,00393700787402;0,851648351648352;1,00595238095238;0,85;0,868055555555556;1,25454545454545;1,00520833333333
"12";11;1,00393700787402;0,873626373626374;1,00595238095238;0,783333333333333;0,854166666666667;1,25454545454545;1,00520833333333
"13";12;1,00393700787402;0,884615384615385;1,00595238095238;0,75;0,840277777777778;1,25454545454545;1,00520833333333
"14";13;1,00393700787402;0,851648351648352;1,00595238095238;0,75;0,840277777777778;1,27272727272727;1,00520833333333
"15";14;1,00393700787402;0,851648351648352;1,00595238095238;0,883333333333333;0,826388888888889;1,27272727272727;1,00520833333333
"16";15;1,00393700787402;0,785714285714286;1,00595238095238;0,883333333333333;0,826388888888889;1,27272727272727;1,00520833333333
"17";16;1,00393700787402;0,785714285714286;0,994047619047619;0,85;0,8125;1,25454545454545;1,00520833333333
"18";17;1,00393700787402;0,752747252747253;0,946428571428571;0,716666666666667;0,798611111111111;1,27272727272727;1,00520833333333
"19";18;1,00393700787402;0,697802197802198;0,922619047619048;0,783333333333333;0,798611111111111;1,30909090909091;1,00520833333333
"20";19;1,00393700787402;0,686813186813187;0,946428571428571;0,85;0,798611111111111;1,30909090909091;1,00520833333333
"21";20;1,00393700787402;0,686813186813187;0,93452380952381;0,683333333333333;0,840277777777778;1,30909090909091;1,00520833333333
"22";21;1,00393700787402;0,664835164835165;0,946428571428571;0,716666666666667;0,868055555555556;1,30909090909091;1,00520833333333
"23";22;1,00393700787402;0,708791208791209;0,946428571428571;0,716666666666667;0,840277777777778;1,30909090909091;1,00520833333333
"24";23;1,00393700787402;0,686813186813187;0,958333333333333;0,816666666666667;0,868055555555556;1,27272727272727;1,00520833333333
"25";24;1,00393700787402;0,631868131868132;0,946428571428571;0,75;0,881944444444444;1,30909090909091;1,00520833333333
"26";25;1,00393700787402;0,565934065934066;0,946428571428571;0,65;0,881944444444444;1,29090909090909;1,00520833333333
"27";26;1,00393700787402;0,5;0,970238095238095;0,583333333333333;0,868055555555556;1,29090909090909;1,00520833333333
"28";27;1,00393700787402;0,423076923076923;0,982142857142857;0,583333333333333;0,909722222222222;1,30909090909091;1,00520833333333
"29";28;1,00393700787402;0,401098901098901;1,00595238095238;0,483333333333333;0,840277777777778;1,30909090909091;1,00520833333333
"30";29;1,00393700787402;0,445054945054945;1,00595238095238;0,516666666666667;0,770833333333333;1,30909090909091;1,00520833333333
"31";30;1,00393700787402;0,412087912087912;0,982142857142857;0,416666666666667;0,6875;1,30909090909091;1,00520833333333
"32";31;1,00393700787402;0,368131868131868;0,93452380952381;0,416666666666667;0,5625;1,30909090909091;1,00520833333333
"33";32;1,00393700787402;0,291208791208791;0,863095238095238;0,483333333333333;0,5625;1,27272727272727;1,00520833333333
"34";33;1,00393700787402;0,225274725274725;0,851190476190476;0,416666666666667;0,576388888888889;1,2;1,00520833333333
"35";34;1,00393700787402;0,181318681318681;0,839285714285714;0,45;0,576388888888889;1,18181818181818;1,00520833333333
"36";35;1,00393700787402;0,137362637362637;0,886904761904762;0,45;0,590277777777778;1,2;1,00520833333333
"37";36;1,00393700787402;0,181318681318681;0,898809523809524;0,516666666666667;0,631944444444444;1,21818181818182;1,00520833333333
"38";37;1,00393700787402;0,137362637362637;0,839285714285714;0,383333333333333;0,618055555555556;1,21818181818182;1,00520833333333
"39";38;1,00393700787402;0,159340659340659;0,827380952380952;0,316666666666667;0,618055555555556;1,16363636363636;1,00520833333333
"40";39;1,00393700787402;0,17032967032967;0,839285714285714;0,35;0,548611111111111;1,07272727272727;1,00520833333333
"41";40;1,00393700787402;0,258241758241758;0,875;0,383333333333333;0,465277777777778;1,07272727272727;1,00520833333333
"42";41;1,00393700787402;0,313186813186813;0,946428571428571;0,383333333333333;0,5625;0,927272727272727;1,00520833333333
"43";42;1,00393700787402;0,368131868131868;0,982142857142857;0,35;0,520833333333333;1;1,00520833333333
"44";43;1,00393700787402;0,39010989010989;0,994047619047619;0,383333333333333;0,465277777777778;1,16363636363636;1,00520833333333
"45";44;1,00393700787402;0,368131868131868;0,958333333333333;0,383333333333333;0,423611111111111;1,29090909090909;1,00520833333333
"46";45;1,00393700787402;0,368131868131868;0,958333333333333;0,316666666666667;0,354166666666667;1,30909090909091;1,00520833333333
"47";46;1,00393700787402;0,39010989010989;0,958333333333333;0,316666666666667;0,354166666666667;1,30909090909091;1,00520833333333
"48";47;1,00393700787402;0,379120879120879;0,922619047619048;0,35;0,326388888888889;1,30909090909091;1,00520833333333
"49";48;1,00393700787402;0,412087912087912;0,93452380952381;0,383333333333333;0,243055555555556;1,30909090909091;1,00520833333333
"50";49;1,00393700787402;0,434065934065934;0,958333333333333;0,35;0,270833333333333;1,30909090909091;1,00520833333333
"51";50;1,00393700787402;0,456043956043956;0,958333333333333;0,383333333333333;0,284722222222222;1,30909090909091;1,00520833333333
"52";51;1,00393700787402;0,412087912087912;0,958333333333333;0,25;0,284722222222222;1,30909090909091;1,00520833333333
"53";52;1,00393700787402;0,368131868131868;0,958333333333333;0,116666666666667;0,284722222222222;1,30909090909091;1,00520833333333
"54";53;1,00393700787402;0,346153846153846;0,958333333333333;0,15;0,270833333333333;1,30909090909091;1,00520833333333
"55";54;1,00393700787402;0,324175824175824;0,970238095238095;0,216666666666667;0,326388888888889;1,30909090909091;0,994791666666667
"56";55;1,00393700787402;0,291208791208791;0,958333333333333;0,15;0,284722222222222;1,30909090909091;1,00520833333333
"57";56;1,00393700787402;0,302197802197802;0,946428571428571;0,15;0,284722222222222;1,30909090909091;1,00520833333333
"58";57;1,00393700787402;0,357142857142857;0,946428571428571;0,25;0,229166666666667;1,30909090909091;0,973958333333333
"59";58;1,00393700787402;0,324175824175824;0,946428571428571;0,25;0,145833333333333;1,30909090909091;0,994791666666667
"60";59;1,00393700787402;0,258241758241758;0,946428571428571;0,183333333333333;0,1875;1,30909090909091;0,994791666666667
"61";60;1,00393700787402;0,225274725274725;0,982142857142857;0,05;0,243055555555556;1,30909090909091;0,953125
"62";61;1,00393700787402;0,225274725274725;0,970238095238095;0,05;0,173611111111111;1,30909090909091;0,963541666666667
"63";62;1,00393700787402;0,236263736263736;0,982142857142857;0,0166666666666667;0,159722222222222;1,30909090909091;0,953125
"64";63;1,00393700787402;0,28021978021978;0,970238095238095;0,05;0,131944444444444;1,30909090909091;0,994791666666667
"65";64;1,00393700787402;0,291208791208791;0,994047619047619;0,15;0,131944444444444;1,30909090909091;1,00520833333333
"66";65;1,00393700787402;0,291208791208791;1,00595238095238;0,316666666666667;0,145833333333333;1,30909090909091;0,994791666666667
"67";66;1,00393700787402;0,236263736263736;1,00595238095238;0,283333333333333;0,173611111111111;1,30909090909091;0,973958333333333
"68";67;1,00393700787402;0,247252747252747;1,00595238095238;0,116666666666667;0,173611111111111;1,30909090909091;1,00520833333333
"69";68;1,00393700787402;0,181318681318681;1,00595238095238;0,0166666666666667;0,173611111111111;1,30909090909091;1,00520833333333
"70";69;1,00393700787402;0,126373626373626;1,00595238095238;0,0833333333333333;0,145833333333333;1,27272727272727;1,00520833333333
"71";70;1,00393700787402;0,0714285714285714;1,00595238095238;0,15;0,173611111111111;1,29090909090909;0,963541666666667
"72";71;1,00393700787402;0,0494505494505495;1,00595238095238;0,15;0,0902777777777778;1,29090909090909;0,890625
"73";72;1,00393700787402;0,0604395604395604;1,00595238095238;0,283333333333333;0,0625;1,27272727272727;0,921875
"74";73;1,00393700787402;0,17032967032967;1,00595238095238;0,25;0,0902777777777778;1,27272727272727;0,932291666666667
"75";74;1,00393700787402;0,137362637362637;0,970238095238095;0,216666666666667;0,0625;1,30909090909091;0,942708333333333
"76";75;1,00393700787402;0,115384615384615;0,970238095238095;0,216666666666667;0,104166666666667;1,27272727272727;0,932291666666667
"77";76;1,00393700787402;0,137362637362637;0,970238095238095;0,283333333333333;0,118055555555556;1,25454545454545;0,890625
"78";77;1,00393700787402;0,192307692307692;0,970238095238095;0,283333333333333;0,0902777777777778;1,25454545454545;0,776041666666667
"79";78;1,00393700787402;0,203296703296703;0,958333333333333;0,216666666666667;0,131944444444444;1,27272727272727;0,796875
"80";79;1,00393700787402;0,192307692307692;0,982142857142857;0,15;0,201388888888889;1,29090909090909;0,765625
"81";80;1,00393700787402;0,225274725274725;0,994047619047619;0,15;0,118055555555556;1,29090909090909;0,692708333333333
"82";81;1,00393700787402;0,247252747252747;1,00595238095238;0,15;0,118055555555556;1,25454545454545;0,682291666666667
"83";82;1,00393700787402;0,181318681318681;0,982142857142857;0,116666666666667;0,118055555555556;1,27272727272727;0,588541666666667
"84";83;1,00393700787402;0,0604395604395604;0,958333333333333;0,116666666666667;0,145833333333333;1,30909090909091;0,557291666666667
"85";84;1,00393700787402;0,0604395604395604;0,958333333333333;0,116666666666667;0,1875;1,30909090909091;0,536458333333333
"86";85;1,00393700787402;0,0934065934065934;0,958333333333333;0,116666666666667;0,215277777777778;1,21818181818182;0,588541666666667
"87";86;1,00393700787402;0,0714285714285714;0,946428571428571;0,0833333333333333;0,201388888888889;1,23636363636364;0,494791666666667
"88";87;1,00393700787402;0,0384615384615385;0,946428571428571;0,0166666666666667;0,215277777777778;1,23636363636364;0,473958333333333
"89";88;1,00393700787402;0,0384615384615385;0,958333333333333;0,05;0,173611111111111;1,25454545454545;0,421875
"90";89;1,00393700787402;0,0494505494505495;0,970238095238095;0,05;0,145833333333333;1,2;0,473958333333333
"91";90;1,00393700787402;0,0494505494505495;0,982142857142857;0,116666666666667;0,1875;1,10909090909091;0,463541666666667
"92";91;1,00393700787402;0,0824175824175824;0,982142857142857;0,15;0,1875;1,12727272727273;0,432291666666667
"93";92;1,00393700787402;0,0824175824175824;0,982142857142857;0,116666666666667;0,215277777777778;1,10909090909091;0,380208333333333
"94";93;1,00393700787402;0,104395604395604;0,994047619047619;0,15;0,243055555555556;1,05454545454545;0,473958333333333
"95";94;1,00393700787402;0,148351648351648;0,970238095238095;0,05;0,423611111111111;1,09090909090909;0,567708333333333
"96";95;1,00393700787402;0,126373626373626;0,946428571428571;0,15;0,409722222222222;1,21818181818182;0,567708333333333
"97";96;1,00393700787402;0,17032967032967;0,970238095238095;0,116666666666667;0,368055555555556;1,30909090909091;0,505208333333333
"98";97;1,00393700787402;0,104395604395604;0,970238095238095;0,0833333333333333;0,409722222222222;1,29090909090909;0,453125
"99";98;1,00393700787402;0,181318681318681;0,93452380952381;0,15;0,409722222222222;1,25454545454545;0,453125
"100";99;1,00393700787402;0,192307692307692;0,982142857142857;0,116666666666667;0,381944444444444;1,14545454545455;0,453125
"101";100;1,00393700787402;0,214285714285714;0,994047619047619;0,0833333333333333;0,381944444444444;1,10909090909091;0,401041666666667
"102";101;1,00393700787402;0,247252747252747;1,00595238095238;0,0166666666666667;0,423611111111111;1,05454545454545;0,432291666666667
"103";102;1,00393700787402;0,192307692307692;0,994047619047619;0,05;0,451388888888889;1,05454545454545;0,411458333333333
"104";103;0,996062992125984;0,126373626373626;1,00595238095238;0,0833333333333333;0,4375;1,12727272727273;0,369791666666667
"105";104;0,996062992125984;0,159340659340659;1,00595238095238;0,0166666666666667;0,395833333333333;1,10909090909091;0,442708333333333
"106";105;1,00393700787402;0,137362637362637;1,00595238095238;0,0166666666666667;0,423611111111111;1,09090909090909;0,578125
"107";106;1,00393700787402;0,17032967032967;1,00595238095238;0,0166666666666667;0,409722222222222;1,10909090909091;0,713541666666667
"108";107;1,00393700787402;0,17032967032967;1,00595238095238;0,05;0,423611111111111;1,16363636363636;0,671875
"109";108;1,00393700787402;0,137362637362637;1,00595238095238;0,05;0,298611111111111;1,18181818181818;0,713541666666667
"110";109;1,00393700787402;0,17032967032967;1,00595238095238;0,116666666666667;0,284722222222222;1,18181818181818;0,682291666666667
"111";110;1,00393700787402;0,148351648351648;1,00595238095238;0,0166666666666667;0,256944444444444;1,14545454545455;0,671875
"112";111;1,00393700787402;0,126373626373626;0,982142857142857;0,0166666666666667;0,270833333333333;1,21818181818182;0,651041666666667
"113";112;1,00393700787402;0,137362637362637;0,922619047619048;0,0166666666666667;0,284722222222222;1,23636363636364;0,578125
"114";113;1,00393700787402;0,0934065934065934;0,875;0,0166666666666667;0,284722222222222;1,25454545454545;0,557291666666667
"115";114;1,00393700787402;0,0384615384615385;0,863095238095238;0,0166666666666667;0,270833333333333;1,23636363636364;0,557291666666667
"116";115;1,00393700787402;0,0384615384615385;0,863095238095238;0,0166666666666667;0,298611111111111;1,27272727272727;0,546875
"117";116;1,00393700787402;0,0384615384615385;0,898809523809524;0,0166666666666667;0,201388888888889;1,23636363636364;0,536458333333333
"118";117;1,00393700787402;0,0164835164835165;1,00595238095238;0,0166666666666667;0,215277777777778;1,27272727272727;0,421875
"119";118;1,00393700787402;0,00549450549450549;0,982142857142857;0,0166666666666667;0,215277777777778;1,30909090909091;0,380208333333333
"120";119;1,00393700787402;0,00549450549450549;0,910714285714286;0,0166666666666667;0,173611111111111;1,30909090909091;0,421875
"121";120;1,00393700787402;0,0274725274725275;0,851190476190476;0,0166666666666667;0,201388888888889;1,30909090909091;0,473958333333333
"122";121;1,00393700787402;0,0384615384615385;0,851190476190476;0,05;0,215277777777778;1,30909090909091;0,463541666666667
"123";122;1,00393700787402;0,0384615384615385;0,839285714285714;0,0166666666666667;0,256944444444444;1,30909090909091;0,442708333333333
"124";123;1,00393700787402;0,0274725274725275;0,839285714285714;0,0166666666666667;0,340277777777778;1,30909090909091;0,473958333333333
"125";124;1,00393700787402;0,0164835164835165;0,827380952380952;0,0166666666666667;0,395833333333333;1,29090909090909;0,494791666666667
"126";125;1,00393700787402;0,00549450549450549;0,791666666666667;0,0166666666666667;0,479166666666667;1,21818181818182;0,546875
"127";126;1,00393700787402;0,00549450549450549;0,81547619047619;0,0166666666666667;0,520833333333333;1,2;0,484375
"128";127;1,00393700787402;0,00549450549450549;0,791666666666667;0,0166666666666667;0,451388888888889;1,23636363636364;0,432291666666667
"129";128;1,00393700787402;0,00549450549450549;0,755952380952381;0,0166666666666667;0,451388888888889;1,27272727272727;0,401041666666667
"130";129;1,00393700787402;0,0494505494505495;0,767857142857143;0,0166666666666667;0,395833333333333;1,25454545454545;0,369791666666667
"131";130;1,00393700787402;0,0934065934065934;0,68452380952381;0,05;0,409722222222222;1,23636363636364;0,234375
"132";131;1,00393700787402;0,126373626373626;0,744047619047619;0,0166666666666667;0,354166666666667;1,21818181818182;0,203125
"133";132;1,00393700787402;0,159340659340659;0,720238095238095;0,0166666666666667;0,3125;1,23636363636364;0,192708333333333
"134";133;1,00393700787402;0,214285714285714;0,636904761904762;0,0166666666666667;0,3125;1,23636363636364;0,307291666666667
"135";134;1,00393700787402;0,214285714285714;0,68452380952381;0,0166666666666667;0,326388888888889;1,25454545454545;0,244791666666667
"136";135;1,00393700787402;0,192307692307692;0,732142857142857;0,0166666666666667;0,354166666666667;1,29090909090909;0,161458333333333
"137";136;1,00393700787402;0,104395604395604;0,744047619047619;0,05;0,409722222222222;1,30909090909091;0,119791666666667
"138";137;1,00393700787402;0,0934065934065934;0,767857142857143;0,0166666666666667;0,409722222222222;1,30909090909091;0,130208333333333
"139";138;1,00393700787402;0,0604395604395604;0,68452380952381;0,0166666666666667;0,354166666666667;1,30909090909091;0,171875
"140";139;1,00393700787402;0,0164835164835165;0,672619047619048;0,0166666666666667;0,354166666666667;1,29090909090909;0,119791666666667
"141";140;1,00393700787402;0,00549450549450549;0,68452380952381;0,0166666666666667;0,409722222222222;1,25454545454545;0,0885416666666667
"142";141;1,00393700787402;0,00549450549450549;0,68452380952381;0,05;0,451388888888889;1,16363636363636;0,171875
"143";142;1,00393700787402;0,0164835164835165;0,636904761904762;0,05;0,423611111111111;1,07272727272727;0,255208333333333
"144";143;1,00393700787402;0,0384615384615385;0,636904761904762;0,05;0,381944444444444;1,07272727272727;0,203125
"145";144;1,00393700787402;0,0494505494505495;0,613095238095238;0,05;0,340277777777778;1,09090909090909;0,182291666666667
"146";145;1,00393700787402;0,0824175824175824;0,601190476190476;0,0833333333333333;0,354166666666667;1;0,192708333333333
"147";146;1,00393700787402;0,0604395604395604;0,541666666666667;0,0833333333333333;0,270833333333333;1,18181818181818;0,140625
"148";147;1,00393700787402;0,0384615384615385;0,505952380952381;0,0833333333333333;0,243055555555556;1,25454545454545;0,0885416666666667
"149";148;1,00393700787402;0,0934065934065934;0,470238095238095;0,0833333333333333;0,298611111111111;1,25454545454545;0,119791666666667
"150";149;1,00393700787402;0,0714285714285714;0,339285714285714;0,0833333333333333;0,3125;1,25454545454545;0,0989583333333333
"151";150;1,00393700787402;0,0714285714285714;0,351190476190476;0,05;0,381944444444444;1,21818181818182;0,119791666666667
"152";151;1,00393700787402;0,0384615384615385;0,434523809523809;0,05;0,423611111111111;1,23636363636364;0,151041666666667
"153";152;1,00393700787402;0,0274725274725275;0,541666666666667;0,116666666666667;0,395833333333333;1,29090909090909;0,0989583333333333
"154";153;1,00393700787402;0,0274725274725275;0,625;0,0833333333333333;0,368055555555556;1,30909090909091;0,046875
"155";154;1,00393700787402;0,0604395604395604;0,625;0,05;0,395833333333333;1,30909090909091;0,109375
"156";155;1,00393700787402;0,0824175824175824;0,636904761904762;0,05;0,395833333333333;1,30909090909091;0,130208333333333
"157";156;1,00393700787402;0,0934065934065934;0,672619047619048;0,05;0,340277777777778;1,23636363636364;0,109375
"158";157;1,00393700787402;0,137362637362637;0,744047619047619;0,05;0,298611111111111;1,2;0,109375
"159";158;1,00393700787402;0,148351648351648;0,767857142857143;0,0166666666666667;0,326388888888889;1,2;0,078125
"160";159;1,00393700787402;0,115384615384615;0,791666666666667;0,0166666666666667;0,381944444444444;1,25454545454545;0,0989583333333333
"161";160;1,00393700787402;0,126373626373626;0,791666666666667;0,0166666666666667;0,368055555555556;1,29090909090909;0,140625
"162";161;1,00393700787402;0,0934065934065934;0,791666666666667;0,0166666666666667;0,381944444444444;1,30909090909091;0,171875
"163";162;1,00393700787402;0,0494505494505495;0,791666666666667;0,05;0,409722222222222;1,30909090909091;0,161458333333333
"164";163;1,00393700787402;0,0164835164835165;0,803571428571429;0,0833333333333333;0,451388888888889;1,30909090909091;0,151041666666667
"165";164;1,00393700787402;0,00549450549450549;0,81547619047619;0,05;0,506944444444444;1,25454545454545;0,130208333333333
"166";165;1,00393700787402;0,0164835164835165;0,803571428571429;0,05;0,534722222222222;1,12727272727273;0,130208333333333
"167";166;1,00393700787402;0,0274725274725275;0,81547619047619;0,116666666666667;0,479166666666667;1,05454545454545;0,119791666666667
"168";167;1,00393700787402;0,0824175824175824;0,839285714285714;0,183333333333333;0,326388888888889;NA;0,046875
"169";168;1,00393700787402;0,0934065934065934;0,839285714285714;0,15;0,326388888888889;NA;0,0885416666666667
"170";169;1,00393700787402;0,115384615384615;0,863095238095238;0,116666666666667;0,479166666666667;NA;0,0885416666666667
"171";170;1,00393700787402;0,0714285714285714;0,863095238095238;0,183333333333333;0,479166666666667;NA;0,0572916666666667
"172";171;1,00393700787402;0,104395604395604;0,803571428571429;0,183333333333333;0,465277777777778;NA;0,046875
"173";172;1,00393700787402;0,0934065934065934;0,779761904761905;0,116666666666667;0,354166666666667;NA;0,0572916666666667
"174";173;1,00393700787402;0,104395604395604;0,767857142857143;0,183333333333333;0,229166666666667;NA;0,0364583333333333
"175";174;1,00393700787402;0,115384615384615;0,767857142857143;0,183333333333333;0,229166666666667;NA;0,00520833333333333
"176";175;1,00393700787402;0,0824175824175824;0,767857142857143;0,15;0,270833333333333;NA;0,00520833333333333
"177";176;1,00393700787402;0,0494505494505495;0,755952380952381;0,116666666666667;0,340277777777778;NA;0,00520833333333333
"178";177;1,00393700787402;0,0274725274725275;0,803571428571429;0,116666666666667;0,340277777777778;NA;0,00520833333333333
"179";178;1,00393700787402;0,0164835164835165;0,839285714285714;0,0833333333333333;0,409722222222222;NA;0,00520833333333333
"180";179;1,00393700787402;0,00549450549450549;0,863095238095238;0,0833333333333333;0,423611111111111;NA;0,00520833333333333
"181";180;1,00393700787402;0,00549450549450549;0,827380952380952;0,0833333333333333;0,340277777777778;NA;0,00520833333333333
"182";181;1,00393700787402;0,00549450549450549;0,827380952380952;0,15;0,368055555555556;NA;0,00520833333333333
"183";182;1,00393700787402;0,00549450549450549;0,732142857142857;0,0166666666666667;0,368055555555556;NA;0,015625
"184";183;1,00393700787402;0,00549450549450549;0,541666666666667;0,0833333333333333;0,451388888888889;NA;0,0260416666666667
"185";184;1,00393700787402;0,00549450549450549;0,482142857142857;0,05;0,4375;NA;0,0260416666666667
"186";185;1,00393700787402;0,00549450549450549;0,434523809523809;0,0833333333333333;0,368055555555556;NA;0,0572916666666667
"187";186;1,00393700787402;0,00549450549450549;0,458333333333333;0,116666666666667;0,381944444444444;NA;0,0572916666666667
"188";187;1,00393700787402;0,0494505494505495;0,446428571428571;0,0833333333333333;0,381944444444444;NA;0,0364583333333333
"189";188;1,00393700787402;0,0494505494505495;0,398809523809524;0,0833333333333333;0,381944444444444;NA;0,00520833333333333
"190";189;1,00393700787402;0,0494505494505495;0,410714285714286;0,0833333333333333;0,256944444444444;NA;0,00520833333333333
"191";190;1,00393700787402;0,0274725274725275;0,434523809523809;0,05;0,368055555555556;NA;0,00520833333333333
"192";191;1,00393700787402;0,00549450549450549;0,446428571428571;0,0833333333333333;0,368055555555556;NA;0,00520833333333333
"193";192;1,00393700787402;0,00549450549450549;0,482142857142857;0,05;0,326388888888889;NA;0,00520833333333333
"194";193;1,00393700787402;0,0384615384615385;0,56547619047619;0,05;0,256944444444444;NA;0,0364583333333333
"195";194;1,00393700787402;0,0164835164835165;0,636904761904762;0,05;0,3125;NA;0,00520833333333333
"196";195;1,00393700787402;0,0604395604395604;0,696428571428571;0,05;0,284722222222222;NA;0,00520833333333333
"197";196;1,00393700787402;0,0494505494505495;0,696428571428571;0,0833333333333333;0,3125;NA;0,00520833333333333
"198";197;1,00393700787402;0,0274725274725275;0,636904761904762;0,0833333333333333;0,423611111111111;NA;0,00520833333333333
"199";198;1,00393700787402;0,0824175824175824;0,68452380952381;0,05;0,451388888888889;NA;0,00520833333333333
"200";199;1,00393700787402;0,104395604395604;0,660714285714286;0,05;0,409722222222222;NA;0,00520833333333333
"201";200;1,00393700787402;0,0934065934065934;0,68452380952381;0,0833333333333333;0,409722222222222;NA;0,00520833333333333
"202";201;1,00393700787402;0,115384615384615;0,767857142857143;0,0833333333333333;0,4375;NA;0,00520833333333333
"203";202;1,00393700787402;0,0934065934065934;0,803571428571429;0,05;0,493055555555556;NA;0,00520833333333333
"204";203;1,00393700787402;0,0824175824175824;0,791666666666667;0,0166666666666667;0,506944444444444;NA;0,00520833333333333
"205";204;1,00393700787402;0,0714285714285714;0,81547619047619;0,0833333333333333;0,451388888888889;NA;0,00520833333333333
"206";205;1,00393700787402;0,0714285714285714;0,803571428571429;0,116666666666667;0,354166666666667;NA;0,00520833333333333
"207";206;1,00393700787402;0,0384615384615385;0,803571428571429;0,0833333333333333;0,340277777777778;NA;0,00520833333333333
"208";207;1,00393700787402;0,00549450549450549;0,779761904761905;0,0833333333333333;0,368055555555556;NA;0,00520833333333333
"209";208;1,00393700787402;0,00549450549450549;0,779761904761905;0,0833333333333333;0,326388888888889;NA;0,0364583333333333
"210";209;1,00393700787402;0,0164835164835165;0,720238095238095;0,05;0,3125;NA;0,0677083333333333
"211";210;1,00393700787402;0,00549450549450549;0,732142857142857;0,05;0,284722222222222;NA;0,0989583333333333
"212";211;1,00393700787402;0,00549450549450549;0,720238095238095;0,0166666666666667;0,270833333333333;NA;0,0677083333333333
"213";212;1,00393700787402;0,00549450549450549;0,696428571428571;0,0166666666666667;0,229166666666667;NA;0,0677083333333333
"214";213;1,00393700787402;0,00549450549450549;0,708333333333333;0,0166666666666667;0,1875;NA;0,046875
"215";214;1,00393700787402;0,00549450549450549;0,708333333333333;0,0166666666666667;0,104166666666667;NA;0,0260416666666667
"216";215;1,00393700787402;0,00549450549450549;0,696428571428571;0,0166666666666667;0,0625;NA;0,00520833333333333
"217";216;1,00393700787402;0,00549450549450549;0,660714285714286;0,0166666666666667;0,0347222222222222;NA;0,046875
"218";217;1,00393700787402;0,0494505494505495;0,68452380952381;0,0166666666666667;0,0486111111111111;NA;0,0677083333333333
"219";218;1,00393700787402;0,0494505494505495;0,660714285714286;0,0166666666666667;0,1875;NA;0,0885416666666667
"220";219;1,00393700787402;0,0714285714285714;0,660714285714286;0,0166666666666667;0,1875;NA;0,109375
"221";220;1,00393700787402;0,0824175824175824;0,68452380952381;0,0166666666666667;0,173611111111111;NA;0,0989583333333333
"222";221;1,00393700787402;0,126373626373626;0,68452380952381;0,0166666666666667;0,145833333333333;NA;0,0572916666666667
"223";222;1,00393700787402;0,192307692307692;0,696428571428571;0,0166666666666667;0,118055555555556;NA;0,130208333333333
"224";223;1,00393700787402;0,192307692307692;0,708333333333333;0,05;0,0902777777777778;NA;0,0989583333333333
"225";224;1,00393700787402;0,159340659340659;0,660714285714286;0,0166666666666667;0,145833333333333;NA;0,0989583333333333
"226";225;1,00393700787402;0,115384615384615;0,613095238095238;0,0166666666666667;0,118055555555556;NA;0,078125
"227";226;1,00393700787402;0,0824175824175824;0,541666666666667;0,0166666666666667;0,131944444444444;NA;0,119791666666667
"228";227;1,00393700787402;0,137362637362637;0,529761904761905;0,05;0,173611111111111;NA;0,130208333333333
"229";228;1,00393700787402;0,159340659340659;0,458333333333333;0,05;0,131944444444444;NA;0,109375
"230";229;1,00393700787402;0,17032967032967;0,422619047619048;0,0166666666666667;0,131944444444444;NA;0,0677083333333333
"231";230;1,00393700787402;0,126373626373626;0,422619047619048;0,0166666666666667;0,131944444444444;NA;0,0677083333333333
"232";231;1,00393700787402;0,0824175824175824;0,422619047619048;0,0166666666666667;0,173611111111111;NA;0,046875
"233";232;0,996062992125984;0,0384615384615385;0,494047619047619;0,0166666666666667;0,229166666666667;NA;0,00520833333333333
"234";233;0,996062992125984;0,00549450549450549;0,601190476190476;0,0166666666666667;0,215277777777778;NA;0,00520833333333333
"235";234;0,996062992125984;0,00549450549450549;0,636904761904762;0,0166666666666667;0,243055555555556;NA;0,00520833333333333
"236";235;1,00393700787402;0,00549450549450549;0,660714285714286;0,0166666666666667;0,284722222222222;NA;0,00520833333333333
"237";236;0,988188976377953;0,00549450549450549;0,708333333333333;0,0166666666666667;0,354166666666667;NA;0,00520833333333333
"238";237;0,988188976377953;0,00549450549450549;0,720238095238095;0,0166666666666667;0,381944444444444;NA;0,00520833333333333
"239";238;1,00393700787402;0,00549450549450549;0,68452380952381;0,0166666666666667;0,298611111111111;NA;0,00520833333333333
"240";239;1,00393700787402;0,00549450549450549;0,625;0,0166666666666667;0,270833333333333;NA;0,00520833333333333
"241";240;0,988188976377953;0,0274725274725275;0,541666666666667;0,0166666666666667;0,215277777777778;NA;0,00520833333333333
"242";241;0,964566929133858;0,0384615384615385;0,434523809523809;0,0166666666666667;0,201388888888889;NA;0,00520833333333333
"243";242;0,948818897637795;0,0494505494505495;0,327380952380952;0,0166666666666667;0,1875;NA;0,00520833333333333
"244";243;0,854330708661417;0,0604395604395604;0,303571428571429;0,0166666666666667;0,1875;NA;0,00520833333333333
"245";244;0,854330708661417;0,0274725274725275;0,291666666666667;0,0166666666666667;0,243055555555556;NA;0,00520833333333333
"246";245;0,830708661417323;0,00549450549450549;0,255952380952381;0,0166666666666667;0,243055555555556;NA;0,00520833333333333
"247";246;0,830708661417323;0,00549450549450549;0,220238095238095;0,0166666666666667;0,298611111111111;NA;0,00520833333333333
"248";247;0,838582677165354;0,00549450549450549;0,232142857142857;0,0166666666666667;0,256944444444444;NA;0,00520833333333333
"249";248;0,81496062992126;0,00549450549450549;0,279761904761905;0,0166666666666667;0,159722222222222;NA;0,00520833333333333
"250";249;0,807086614173228;0,00549450549450549;0,232142857142857;0,0166666666666667;0,173611111111111;NA;0,00520833333333333
"251";250;0,791338582677165;0,00549450549450549;0,232142857142857;0,0166666666666667;0,145833333333333;NA;0,00520833333333333
"252";251;0,767716535433071;0,00549450549450549;0,232142857142857;0,0166666666666667;0,229166666666667;NA;0,00520833333333333
"253";252;0,830708661417323;0,00549450549450549;0,244047619047619;0,0166666666666667;0,284722222222222;NA;0,00520833333333333
"254";253;0,877952755905512;0,00549450549450549;0,220238095238095;0,0166666666666667;0,298611111111111;NA;0,00520833333333333
"255";254;0,901574803149606;0,0274725274725275;0,208333333333333;0,05;0,243055555555556;NA;0,00520833333333333
"256";255;0,964566929133858;0,0714285714285714;0,196428571428571;0,05;0,215277777777778;NA;0,00520833333333333
"257";256;0,988188976377953;0,0934065934065934;0,113095238095238;0,0166666666666667;0,131944444444444;NA;0,00520833333333333
"258";257;0,996062992125984;0,0934065934065934;0,0892857142857143;0,0166666666666667;0,118055555555556;NA;0,00520833333333333
"259";258;0,980314960629921;0,0714285714285714;0,0654761904761905;0,0833333333333333;0,173611111111111;NA;0,00520833333333333
"260";259;0,956692913385827;0,0604395604395604;0,0535714285714286;0,05;0,159722222222222;NA;0,00520833333333333
"261";260;0,917322834645669;0,0714285714285714;0,0892857142857143;0,0166666666666667;0,215277777777778;NA;0,00520833333333333
"262";261;0,925196850393701;0,126373626373626;0,0773809523809524;0,0166666666666667;0,229166666666667;NA;0,00520833333333333
"263";262;0,917322834645669;0,137362637362637;0,0416666666666667;0,0833333333333333;0,270833333333333;NA;0,00520833333333333
"264";263;0,901574803149606;0,126373626373626;0,0297619047619048;0,05;0,215277777777778;NA;0,00520833333333333
"265";264;0,846456692913386;0,115384615384615;0,0535714285714286;0,0166666666666667;0,229166666666667;NA;0,00520833333333333
"266";265;0,87007874015748;0,104395604395604;0,0416666666666667;0,05;0,201388888888889;NA;0,00520833333333333
"267";266;0,791338582677165;0,115384615384615;0,0416666666666667;0,0166666666666667;0,159722222222222;NA;0,00520833333333333
"268";267;0,799212598425197;0,0934065934065934;0,0178571428571429;0,05;0,1875;NA;0,015625
"269";268;0,720472440944882;0,0274725274725275;0,00595238095238095;0,05;0,1875;NA;0,0260416666666667
"270";269;0,65748031496063;0,00549450549450549;0,0297619047619048;0,116666666666667;0,229166666666667;NA;0,0260416666666667
"271";270;0,65748031496063;0,00549450549450549;0,0297619047619048;0,0833333333333333;0,243055555555556;NA;0,046875
"272";271;0,618110236220472;0,00549450549450549;0,0654761904761905;0,0833333333333333;0,159722222222222;NA;0,078125
"273";272;0,578740157480315;0,0384615384615385;0,0416666666666667;0,0166666666666667;0,118055555555556;NA;0,0885416666666667
"274";273;0,515748031496063;0,0604395604395604;0,0416666666666667;0,0166666666666667;0,118055555555556;NA;0,0885416666666667
"275";274;0,452755905511811;0,0934065934065934;0,0416666666666667;0,116666666666667;0,0902777777777778;NA;0,0572916666666667
"276";275;0,437007874015748;0,0934065934065934;0,0535714285714286;0,116666666666667;0,0763888888888889;NA;0,109375
"277";276;0,421259842519685;0,0934065934065934;0,0297619047619048;0,0833333333333333;0,0763888888888889;NA;0,119791666666667
"278";277;0,381889763779528;0,137362637362637;0,0297619047619048;0,116666666666667;0,0763888888888889;NA;0,0989583333333333
"279";278;0,334645669291339;0,104395604395604;0,0416666666666667;0,0833333333333333;0,0763888888888889;NA;0,078125
"280";279;0,295275590551181;0,0824175824175824;0,0535714285714286;0,05;0,0625;NA;0,0677083333333333
"281";280;0,232283464566929;0,0494505494505495;0,0773809523809524;0,0166666666666667;0,0625;NA;0,0989583333333333
"282";281;0,224409448818898;0,0274725274725275;0,0892857142857143;0,05;0,118055555555556;NA;0,109375
"283";282;0,18503937007874;0,0274725274725275;0,101190476190476;0,05;0,0902777777777778;NA;0,078125
"284";283;0,192913385826772;0,0604395604395604;0,0535714285714286;0,0833333333333333;0,131944444444444;NA;0,046875
"285";284;0,192913385826772;0,0824175824175824;0,00595238095238095;0,0833333333333333;0,0625;NA;0,0364583333333333
"286";285;0,169291338582677;0,126373626373626;0,0178571428571429;0,0833333333333333;0,0347222222222222;NA;0,00520833333333333
"287";286;0,114173228346457;0,148351648351648;0,00595238095238095;0,05;0,00694444444444444;NA;0,0260416666666667
"288";287;0,177165354330709;0,126373626373626;0,00595238095238095;NA;0,00694444444444444;NA;0,00520833333333333
"289";288;0,208661417322835;0,192307692307692;0,0178571428571429;NA;0,00694444444444444;NA;0,015625
"290";289;0,161417322834646;0,225274725274725;0,00595238095238095;NA;0,00694444444444444;NA;0,0260416666666667
"291";290;0,161417322834646;0,148351648351648;0,00595238095238095;NA;0,00694444444444444;NA;0,00520833333333333
"292";291;0,208661417322835;0,104395604395604;0,0178571428571429;NA;0,00694444444444444;NA;0,015625
"293";292;0,255905511811024;0,104395604395604;0,00595238095238095;NA;0,00694444444444444;NA;0,0364583333333333
"294";293;0,248031496062992;0,104395604395604;0,00595238095238095;NA;0,0208333333333333;NA;0,00520833333333333
"295";294;0,18503937007874;0,0384615384615385;0,00595238095238095;NA;0,0347222222222222;NA;0,015625
"296";295;0,145669291338583;0,0384615384615385;0,00595238095238095;NA;0,0347222222222222;NA;0,0572916666666667
"297";296;0,137795275590551;0,0714285714285714;0,00595238095238095;NA;0,0208333333333333;NA;0,078125
"298";297;0,12992125984252;0,0824175824175824;0,00595238095238095;NA;0,00694444444444444;NA;0,046875
"299";298;0,137795275590551;0,0714285714285714;0,00595238095238095;NA;0,00694444444444444;NA;0,00520833333333333
"300";299;0,0826771653543307;0,0824175824175824;0,00595238095238095;NA;0,00694444444444444;NA;0,015625
"301";300;0,0669291338582677;0,0714285714285714;0,00595238095238095;NA;0,00694444444444444;NA;0,0364583333333333
"302";301;0,161417322834646;0,0714285714285714;0,00595238095238095;NA;0,00694444444444444;NA;0,0364583333333333
"303";302;0,18503937007874;0,0934065934065934;0,00595238095238095;NA;0,00694444444444444;NA;0,0260416666666667
"304";303;0,248031496062992;0,0934065934065934;0,00595238095238095;NA;0,00694444444444444;NA;0,00520833333333333
"305";304;0,271653543307087;0,0824175824175824;0,00595238095238095;NA;0,00694444444444444;NA;0,0364583333333333
"306";305;0,240157480314961;0,0384615384615385;0,00595238095238095;NA;0,00694444444444444;NA;0,0677083333333333
"307";306;0,169291338582677;0,0384615384615385;0,00595238095238095;NA;0,00694444444444444;NA;0,0885416666666667
"308";307;0,114173228346457;0,00549450549450549;0,00595238095238095;NA;0,00694444444444444;NA;0,0677083333333333
"309";308;0,0905511811023622;0,00549450549450549;0,00595238095238095;NA;0,0208333333333333;NA;0,0260416666666667
"310";309;0,106299212598425;0,00549450549450549;0,00595238095238095;NA;0,0486111111111111;NA;0,0260416666666667
"311";310;0,0669291338582677;0,00549450549450549;0,00595238095238095;NA;0,0347222222222222;NA;0,0677083333333333
"312";311;0,0354330708661417;0,00549450549450549;0,00595238095238095;NA;0,0347222222222222;NA;0,0572916666666667
"313";312;0,0511811023622047;0,00549450549450549;0,0297619047619048;NA;0,0347222222222222;NA;0,046875
"314";313;0,0511811023622047;0,00549450549450549;0,0416666666666667;NA;0,0347222222222222;NA;0,0677083333333333
"315";314;0,0354330708661417;0,00549450549450549;0,0535714285714286;NA;0,00694444444444444;NA;0,0364583333333333
"316";315;0,00393700787401575;0,00549450549450549;0,0535714285714286;NA;0,00694444444444444;NA;0,046875
"317";316;0,0511811023622047;0,00549450549450549;0,0535714285714286;NA;0,00694444444444444;NA;0,0572916666666667
"318";317;0,122047244094488;0,00549450549450549;0,0773809523809524;NA;0,00694444444444444;NA;0,0677083333333333
"319";318;0,169291338582677;0,00549450549450549;0,0773809523809524;NA;0,00694444444444444;NA;0,0677083333333333
"320";319;0,161417322834646;NA;0,0773809523809524;NA;0,00694444444444444;NA;0,0989583333333333
"321";320;0,137795275590551;NA;0,113095238095238;NA;0,00694444444444444;NA;0,0885416666666667
"322";321;0,145669291338583;NA;0,113095238095238;NA;0,00694444444444444;NA;0,0885416666666667
"323";322;0,0748031496062992;NA;0,172619047619048;NA;0,00694444444444444;NA;0,109375
"324";323;0,0433070866141732;NA;0,172619047619048;NA;0,00694444444444444;NA;0,119791666666667
"325";324;0,0354330708661417;NA;0,125;NA;0,00694444444444444;NA;0,046875
"326";325;0,00393700787401575;NA;0,113095238095238;NA;0,00694444444444444;NA;0,0677083333333333
"327";326;0,00393700787401575;NA;0,18452380952381;NA;0,00694444444444444;NA;0,0260416666666667
"328";327;0,00393700787401575;NA;0,18452380952381;NA;0,00694444444444444;NA;0,0364583333333333
"329";328;0,00393700787401575;NA;0,208333333333333;NA;0,00694444444444444;NA;0,0260416666666667
"330";329;0,00393700787401575;NA;0,18452380952381;NA;0,00694444444444444;NA;0,00520833333333333
"331";330;0,0118110236220472;NA;0,18452380952381;NA;0,00694444444444444;NA;0,00520833333333333
"332";331;0,0118110236220472;NA;0,172619047619048;NA;0,0625;NA;0,00520833333333333
"333";332;0,0118110236220472;NA;0,113095238095238;NA;0,145833333333333;NA;0,00520833333333333
"334";333;0,0590551181102362;NA;0,101190476190476;NA;0,173611111111111;NA;0,00520833333333333
"335";334;0,0905511811023622;NA;0,0773809523809524;NA;0,159722222222222;NA;0,00520833333333333
"336";335;0,0590551181102362;NA;0,0535714285714286;NA;0,201388888888889;NA;0,00520833333333333
"337";336;0,0748031496062992;NA;0,0535714285714286;NA;0,215277777777778;NA;0,00520833333333333
"338";337;0,177165354330709;NA;0,0297619047619048;NA;0,173611111111111;NA;0,00520833333333333
"339";338;0,177165354330709;NA;0,0178571428571429;NA;0,159722222222222;NA;0,00520833333333333
"340";339;0,240157480314961;NA;0,00595238095238095;NA;0,118055555555556;NA;0,00520833333333333
"341";340;0,216535433070866;NA;0,0297619047619048;NA;0,0625;NA;0,015625
"342";341;0,208661417322835;NA;0,0535714285714286;NA;0,00694444444444444;NA;0,0260416666666667
"343";342;0,18503937007874;NA;0,0535714285714286;NA;0,0208333333333333;NA;0,046875
"344";343;0,177165354330709;NA;0,0654761904761905;NA;0,00694444444444444;NA;0,046875
"345";344;0,169291338582677;NA;0,0773809523809524;NA;0,00694444444444444;NA;0,0260416666666667
"346";345;0,137795275590551;NA;0,0416666666666667;NA;0,00694444444444444;NA;0,0260416666666667
"347";346;0,153543307086614;NA;0,00595238095238095;NA;0,00694444444444444;NA;0,0364583333333333
"348";347;0,12992125984252;NA;0,00595238095238095;NA;0,00694444444444444;NA;0,00520833333333333
"349";348;0,137795275590551;NA;0,00595238095238095;NA;0,00694444444444444;NA;0,00520833333333333
"350";349;0,161417322834646;NA;0,00595238095238095;NA;0,00694444444444444;NA;0,015625
"351";350;0,145669291338583;NA;0,00595238095238095;NA;0,00694444444444444;NA;0,0260416666666667
"352";351;0,169291338582677;NA;0,0297619047619048;NA;0,00694444444444444;NA;0,00520833333333333
"353";352;0,161417322834646;NA;0,0297619047619048;NA;0,00694444444444444;NA;0,00520833333333333
"354";353;0,169291338582677;NA;0,0416666666666667;NA;0,00694444444444444;NA;0,00520833333333333
"355";354;0,18503937007874;NA;0,0297619047619048;NA;0,00694444444444444;NA;0,00520833333333333
"356";355;0,208661417322835;NA;0,0535714285714286;NA;0,00694444444444444;NA;0,00520833333333333
"357";356;0,240157480314961;NA;0,113095238095238;NA;0,00694444444444444;NA;0,015625
"358";357;0,216535433070866;NA;0,136904761904762;NA;0,00694444444444444;NA;0,015625
"359";358;0,216535433070866;NA;0,136904761904762;NA;0,00694444444444444;NA;0,0260416666666667
"360";359;0,208661417322835;NA;0,136904761904762;NA;0,00694444444444444;NA;0,046875
"361";360;0,177165354330709;NA;0,113095238095238;NA;0,00694444444444444;NA;0,046875
"362";361;0,12992125984252;NA;0,0654761904761905;NA;0,00694444444444444;NA;0,00520833333333333
"363";362;0,106299212598425;NA;0,0416666666666667;NA;0,00694444444444444;NA;0,00520833333333333
"364";363;0,114173228346457;NA;0,0416666666666667;NA;0,00694444444444444;NA;0,0364583333333333
"365";364;0,145669291338583;NA;0,0178571428571429;NA;0,00694444444444444;NA;0,0364583333333333
"366";365;0,153543307086614;NA;0,0297619047619048;NA;0,00694444444444444;NA;0,0364583333333333
"367";366;0,114173228346457;NA;0,00595238095238095;NA;0,00694444444444444;NA;0,015625
"368";367;0,145669291338583;NA;0,00595238095238095;NA;0,00694444444444444;NA;0,015625
"369";368;0,137795275590551;NA;0,0178571428571429;NA;0,00694444444444444;NA;0,00520833333333333
"370";369;0,153543307086614;NA;0,00595238095238095;NA;0,00694444444444444;NA;0,00520833333333333
"371";370;0,145669291338583;NA;-0,0178571428571429;NA;0,00694444444444444;NA;0,00520833333333333
"372";371;0,137795275590551;NA;-0,0297619047619048;NA;0,00694444444444444;NA;0,00520833333333333
"373";372;0,153543307086614;NA;-0,0297619047619048;NA;0,00694444444444444;NA;0,015625
"374";373;0,12992125984252;NA;-0,0535714285714286;NA;0,00694444444444444;NA;0,015625
"375";374;0,122047244094488;NA;-0,0416666666666667;NA;0,00694444444444444;NA;0,00520833333333333
"376";375;0,114173228346457;NA;-0,00595238095238095;NA;0,00694444444444444;NA;0,00520833333333333
"377";376;0,114173228346457;NA;-0,0178571428571429;NA;0,00694444444444444;NA;0,00520833333333333
"378";377;0,0984251968503937;NA;0,00595238095238095;NA;0,00694444444444444;NA;0,00520833333333333
"379";378;0,0826771653543307;NA;-0,0178571428571429;NA;0,00694444444444444;NA;0,00520833333333333
"380";379;0,0905511811023622;NA;-0,0416666666666667;NA;0,00694444444444444;NA;0,00520833333333333
"381";380;0,12992125984252;NA;-0,0416666666666667;NA;0,00694444444444444;NA;0,00520833333333333
"382";381;0,192913385826772;NA;-0,00595238095238095;NA;0,00694444444444444;NA;0,00520833333333333
"383";382;0,18503937007874;NA;0,0297619047619048;NA;0,00694444444444444;NA;0,00520833333333333
"384";383;0,145669291338583;NA;0,0178571428571429;NA;0,00694444444444444;NA;0,00520833333333333
"385";384;0,122047244094488;NA;0,0178571428571429;NA;0,00694444444444444;NA;0,00520833333333333
"386";385;0,12992125984252;NA;0,00595238095238095;NA;0,00694444444444444;NA;0,00520833333333333
"387";386;0,12992125984252;NA;0,00595238095238095;NA;0,00694444444444444;NA;0,00520833333333333
"388";387;0,114173228346457;NA;-0,0416666666666667;NA;0,00694444444444444;NA;0,00520833333333333
"389";388;0,114173228346457;NA;-0,0416666666666667;NA;0,00694444444444444;NA;0,00520833333333333
"390";389;0,114173228346457;NA;-0,0535714285714286;NA;0,00694444444444444;NA;0,00520833333333333
"391";390;0,106299212598425;NA;-0,0297619047619048;NA;0,00694444444444444;NA;0,00520833333333333
"392";391;0,0511811023622047;NA;-0,00595238095238095;NA;0,00694444444444444;NA;0,00520833333333333
"393";392;0,0511811023622047;NA;0,0178571428571429;NA;0,00694444444444444;NA;0,00520833333333333
"394";393;0,00393700787401575;NA;0,0773809523809524;NA;0,00694444444444444;NA;0,00520833333333333
"395";394;0,00393700787401575;NA;0,148809523809524;NA;0,00694444444444444;NA;0,00520833333333333
"396";395;0,00393700787401575;NA;0,136904761904762;NA;0,00694444444444444;NA;0,00520833333333333
"397";396;0,00393700787401575;NA;0,125;NA;0,00694444444444444;NA;0,00520833333333333
"398";397;0,00393700787401575;NA;0,0892857142857143;NA;0,00694444444444444;NA;0,00520833333333333
"399";398;0,00393700787401575;NA;0,0773809523809524;NA;0,00694444444444444;NA;0,00520833333333333
"400";399;0,00393700787401575;NA;0,0654761904761905;NA;0,00694444444444444;NA;0,0260416666666667
"401";400;0,00393700787401575;NA;0,0654761904761905;NA;0,00694444444444444;NA;0,00520833333333333
"402";401;0,00393700787401575;NA;0,0535714285714286;NA;0,00694444444444444;NA;0,00520833333333333
"403";402;0,0118110236220472;NA;0,0654761904761905;NA;0,00694444444444444;NA;0,00520833333333333
"404";403;0,0196850393700787;NA;0,0654761904761905;NA;0,00694444444444444;NA;0,00520833333333333
"405";404;0,0275590551181102;NA;0,0535714285714286;NA;0,00694444444444444;NA;0,00520833333333333
"406";405;0,0433070866141732;NA;0,0535714285714286;NA;0,00694444444444444;NA;0,00520833333333333
"407";406;0,0354330708661417;NA;0,0178571428571429;NA;0,00694444444444444;NA;0,00520833333333333
"408";407;0,0590551181102362;NA;0,00595238095238095;NA;0,00694444444444444;NA;0,00520833333333333
"409";408;0,0748031496062992;NA;0,00595238095238095;NA;0,00694444444444444;NA;0,00520833333333333
"410";409;0,0984251968503937;NA;0,00595238095238095;NA;0,00694444444444444;NA;0,00520833333333333
"411";410;0,0748031496062992;NA;0,00595238095238095;NA;0,00694444444444444;NA;0,00520833333333333
"412";411;0,0669291338582677;NA;0,00595238095238095;NA;0,00694444444444444;NA;0,00520833333333333
"413";412;0,0590551181102362;NA;0,00595238095238095;NA;0,00694444444444444;NA;0,00520833333333333
"414";413;0,0590551181102362;NA;0,00595238095238095;NA;0,00694444444444444;NA;0,00520833333333333
"415";414;0,0511811023622047;NA;0,00595238095238095;NA;0,00694444444444444;NA;0,00520833333333333
"416";415;0,0748031496062992;NA;0,0178571428571429;NA;0,00694444444444444;NA;0,00520833333333333
"417";416;0,0905511811023622;NA;0,0297619047619048;NA;0,00694444444444444;NA;0,00520833333333333
"418";417;0,122047244094488;NA;0,0654761904761905;NA;0,00694444444444444;NA;0,00520833333333333
"419";418;0,192913385826772;NA;0,0654761904761905;NA;0,00694444444444444;NA;0,00520833333333333
"420";419;0,200787401574803;NA;0,0773809523809524;NA;0,00694444444444444;NA;0,00520833333333333
"421";420;0,208661417322835;NA;0,0654761904761905;NA;0,00694444444444444;NA;0,00520833333333333
"422";421;0,200787401574803;NA;0,0535714285714286;NA;0,00694444444444444;NA;0,00520833333333333
"423";422;0,232283464566929;NA;0,0416666666666667;NA;0,00694444444444444;NA;0,00520833333333333
"424";423;0,224409448818898;NA;0,0297619047619048;NA;0,00694444444444444;NA;0,00520833333333333
"425";424;0,232283464566929;NA;0,00595238095238095;NA;0,00694444444444444;NA;0,00520833333333333
"426";425;0,177165354330709;NA;0,00595238095238095;NA;0,00694444444444444;NA;0,00520833333333333
"427";426;0,200787401574803;NA;0,0178571428571429;NA;0,00694444444444444;NA;0,00520833333333333
"428";427;0,18503937007874;NA;0,00595238095238095;NA;0,00694444444444444;NA;0,00520833333333333
"429";428;0,224409448818898;NA;0,00595238095238095;NA;0,00694444444444444;NA;0,00520833333333333
"430";429;0,145669291338583;NA;0,00595238095238095;NA;0,00694444444444444;NA;0,00520833333333333
"431";430;0,0984251968503937;NA;0,00595238095238095;NA;0,00694444444444444;NA;0,00520833333333333
"432";431;0,106299212598425;NA;0,00595238095238095;NA;0,00694444444444444;NA;0,00520833333333333
"433";432;0,0905511811023622;NA;0,00595238095238095;NA;0,00694444444444444;NA;0,00520833333333333
"434";433;0,0905511811023622;NA;0,00595238095238095;NA;0,00694444444444444;NA;0,00520833333333333
"435";434;0,0984251968503937;NA;0,00595238095238095;NA;0,00694444444444444;NA;0,00520833333333333
"436";435;0,0905511811023622;NA;0,00595238095238095;NA;0,00694444444444444;NA;0,00520833333333333
"437";436;0,0826771653543307;NA;0,00595238095238095;NA;0,00694444444444444;NA;0,00520833333333333
"438";437;0,114173228346457;NA;0,00595238095238095;NA;0,00694444444444444;NA;0,00520833333333333
"439";438;0,106299212598425;NA;0,00595238095238095;NA;0,00694444444444444;NA;0,00520833333333333
"440";439;0,0905511811023622;NA;0,00595238095238095;NA;0,00694444444444444;NA;0,00520833333333333
"441";440;0,0590551181102362;NA;0,00595238095238095;NA;0,00694444444444444;NA;0,00520833333333333
"442";441;0,0511811023622047;NA;0,00595238095238095;NA;0,00694444444444444;NA;0,00520833333333333
"443";442;0,0511811023622047;NA;0,00595238095238095;NA;0,0208333333333333;NA;0,00520833333333333
"444";443;0,0669291338582677;NA;0,00595238095238095;NA;0,00694444444444444;NA;0,00520833333333333
"445";444;0,0669291338582677;NA;0,00595238095238095;NA;0,00694444444444444;NA;0,00520833333333333
"446";445;0,0826771653543307;NA;0,00595238095238095;NA;0,00694444444444444;NA;0,00520833333333333
"447";446;0,0511811023622047;NA;0,0297619047619048;NA;0,00694444444444444;NA;0,00520833333333333
"448";447;0,0354330708661417;NA;0,0654761904761905;NA;0,00694444444444444;NA;0,00520833333333333
"449";448;0,0196850393700787;NA;0,0773809523809524;NA;0,00694444444444444;NA;0,00520833333333333
"450";449;0,0118110236220472;NA;0,0773809523809524;NA;0,00694444444444444;NA;0,015625
"451";450;0,00393700787401575;NA;0,0773809523809524;NA;0,00694444444444444;NA;0,00520833333333333
"452";451;0,00393700787401575;NA;0,113095238095238;NA;0,00694444444444444;NA;0,00520833333333333
"453";452;0,00393700787401575;NA;0,0773809523809524;NA;0,00694444444444444;NA;0,00520833333333333
"454";453;0,00393700787401575;NA;0,113095238095238;NA;0,00694444444444444;NA;0,00520833333333333
"455";454;0,00393700787401575;NA;0,0773809523809524;NA;0,00694444444444444;NA;0,00520833333333333
"456";455;0,00393700787401575;NA;0,0535714285714286;NA;0,00694444444444444;NA;0,00520833333333333
"457";456;0,00393700787401575;NA;0,0535714285714286;NA;0,00694444444444444;NA;0,00520833333333333
"458";457;0,00393700787401575;NA;0,0535714285714286;NA;0,00694444444444444;NA;0,00520833333333333
"459";458;0,0118110236220472;NA;0,0535714285714286;NA;0,00694444444444444;NA;0,00520833333333333
"460";459;0,0354330708661417;NA;0,0416666666666667;NA;0,00694444444444444;NA;0,00520833333333333
"461";460;0,0354330708661417;NA;0,0535714285714286;NA;0,00694444444444444;NA;0,00520833333333333
"462";461;0,0354330708661417;NA;0,0535714285714286;NA;0,00694444444444444;NA;0,00520833333333333
"463";462;0,0196850393700787;NA;0,0416666666666667;NA;0,00694444444444444;NA;0,00520833333333333
"464";463;0,00393700787401575;NA;0,0416666666666667;NA;0,00694444444444444;NA;0,00520833333333333
"465";464;0,00393700787401575;NA;0,0416666666666667;NA;0,00694444444444444;NA;0,00520833333333333
"466";465;0,00393700787401575;NA;0,0297619047619048;NA;0,00694444444444444;NA;0,00520833333333333
"467";466;0,00393700787401575;NA;0,00595238095238095;NA;0,00694444444444444;NA;0,00520833333333333
"468";467;0,00393700787401575;NA;0,00595238095238095;NA;0,00694444444444444;NA;0,00520833333333333
"469";468;0,00393700787401575;NA;0,00595238095238095;NA;0,00694444444444444;NA;0,00520833333333333
"470";469;0,00393700787401575;NA;0,0178571428571429;NA;0,00694444444444444;NA;0,015625
"471";470;0,00393700787401575;NA;0,0178571428571429;NA;0,00694444444444444;NA;0,0572916666666667
"472";471;0,0433070866141732;NA;0,00595238095238095;NA;0,00694444444444444;NA;0,0677083333333333
"473";472;0,0590551181102362;NA;0,00595238095238095;NA;0,00694444444444444;NA;0,0572916666666667
"474";473;0,0748031496062992;NA;0,00595238095238095;NA;0,00694444444444444;NA;0,0364583333333333
"475";474;0,0826771653543307;NA;0,0178571428571429;NA;0,00694444444444444;NA;0,0260416666666667
"476";475;0,0590551181102362;NA;0,0297619047619048;NA;0,00694444444444444;NA;0,0364583333333333
"477";476;0,0590551181102362;NA;0,0297619047619048;NA;0,00694444444444444;NA;0,0364583333333333
"478";477;0,0196850393700787;NA;0,0178571428571429;NA;0,00694444444444444;NA;0,0260416666666667
"479";478;0,0118110236220472;NA;0,00595238095238095;NA;0,00694444444444444;NA;0,00520833333333333
"480";479;0,0118110236220472;NA;0,00595238095238095;NA;0,00694444444444444;NA;0,00520833333333333
"481";480;0,0118110236220472;NA;0,0773809523809524;NA;0,00694444444444444;NA;0,00520833333333333
"482";481;0,00393700787401575;NA;0,0654761904761905;NA;0,00694444444444444;NA;0,00520833333333333
"483";482;0,00393700787401575;NA;0,0654761904761905;NA;0,00694444444444444;NA;0,00520833333333333
"484";483;0,00393700787401575;NA;0,0297619047619048;NA;0,00694444444444444;NA;0,00520833333333333
"485";484;0,0354330708661417;NA;0,0297619047619048;NA;0,00694444444444444;NA;0,00520833333333333
"486";485;0,0590551181102362;NA;0,0297619047619048;NA;0,00694444444444444;NA;0,00520833333333333
"487";486;0,0984251968503937;NA;0,0297619047619048;NA;0,00694444444444444;NA;0,00520833333333333
"488";487;0,122047244094488;NA;0,101190476190476;NA;0,00694444444444444;NA;0,00520833333333333
"489";488;0,122047244094488;NA;0,113095238095238;NA;0,00694444444444444;NA;0,00520833333333333
"490";489;0,106299212598425;NA;0,113095238095238;NA;0,00694444444444444;NA;0,00520833333333333
"491";490;0,0905511811023622;NA;0,113095238095238;NA;0,00694444444444444;NA;0,00520833333333333
"492";491;0,0354330708661417;NA;0,125;NA;0,00694444444444444;NA;0,00520833333333333
"493";492;0,00393700787401575;NA;0,101190476190476;NA;0,00694444444444444;NA;0,00520833333333333
"494";493;0,00393700787401575;NA;0,101190476190476;NA;0,00694444444444444;NA;0,00520833333333333
"495";494;0,00393700787401575;NA;0,0773809523809524;NA;0,00694444444444444;NA;0,00520833333333333
"496";495;0,0196850393700787;NA;0,0773809523809524;NA;0,00694444444444444;NA;0,00520833333333333
"497";496;0,00393700787401575;NA;0,00595238095238095;NA;0,00694444444444444;NA;0,00520833333333333
"498";497;0,00393700787401575;NA;0,00595238095238095;NA;0,00694444444444444;NA;0,00520833333333333
"499";498;0,00393700787401575;NA;0,00595238095238095;NA;0,00694444444444444;NA;0,00520833333333333
"500";499;0,00393700787401575;NA;0,00595238095238095;NA;0,00694444444444444;NA;0,00520833333333333
"501";500;0,00393700787401575;NA;0,0178571428571429;NA;0,00694444444444444;NA;0,00520833333333333
"502";501;0,00393700787401575;NA;0,0416666666666667;NA;0,00694444444444444;NA;0,00520833333333333
"503";502;0,00393700787401575;NA;0,0416666666666667;NA;0,00694444444444444;NA;0,00520833333333333
"504";503;0,00393700787401575;NA;0,0297619047619048;NA;0,00694444444444444;NA;0,00520833333333333
"505";504;0,00393700787401575;NA;0,00595238095238095;NA;0,00694444444444444;NA;0,00520833333333333
"506";505;0,00393700787401575;NA;0,00595238095238095;NA;0,00694444444444444;NA;0,00520833333333333
"507";506;0,00393700787401575;NA;0,00595238095238095;NA;0,00694444444444444;NA;0,00520833333333333
"508";507;0,00393700787401575;NA;0,00595238095238095;NA;0,00694444444444444;NA;0,00520833333333333
"509";508;0,00393700787401575;NA;0,00595238095238095;NA;0,00694444444444444;NA;0,00520833333333333
"510";509;0,00393700787401575;NA;0,0178571428571429;NA;0,00694444444444444;NA;0,00520833333333333
"511";510;0,00393700787401575;NA;0,00595238095238095;NA;0,00694444444444444;NA;0,00520833333333333
"512";511;0,00393700787401575;NA;0,00595238095238095;NA;0,00694444444444444;NA;0,00520833333333333
"513";512;0,00393700787401575;NA;0,00595238095238095;NA;0,00694444444444444;NA;0,00520833333333333
"514";513;0,00393700787401575;NA;0,00595238095238095;NA;0,00694444444444444;NA;0,00520833333333333
"515";514;0,00393700787401575;NA;0,00595238095238095;NA;0,00694444444444444;NA;0,00520833333333333
"516";515;0,00393700787401575;NA;0,00595238095238095;NA;0,00694444444444444;NA;NA
"517";516;0,00393700787401575;NA;0,00595238095238095;NA;0,00694444444444444;NA;NA
"518";517;0,00393700787401575;NA;0,00595238095238095;NA;0,00694444444444444;NA;NA
"519";518;0,00393700787401575;NA;0,00595238095238095;NA;0,00694444444444444;NA;NA
"520";519;0,00393700787401575;NA;0,00595238095238095;NA;0,00694444444444444;NA;NA
"521";520;0,00393700787401575;NA;0,00595238095238095;NA;0,00694444444444444;NA;NA
"522";521;0,00393700787401575;NA;0,00595238095238095;NA;0,00694444444444444;NA;NA
"523";522;0,00393700787401575;NA;0,00595238095238095;NA;0,00694444444444444;NA;NA
"524";523;0,00393700787401575;NA;0,00595238095238095;NA;0,00694444444444444;NA;NA
"525";524;0,00393700787401575;NA;0,00595238095238095;NA;0,00694444444444444;NA;NA
"526";525;0,00393700787401575;NA;0,00595238095238095;NA;0,00694444444444444;NA;NA
"527";526;0,00393700787401575;NA;0,00595238095238095;NA;0,00694444444444444;NA;NA
"528";527;0,00393700787401575;NA;0,00595238095238095;NA;0,00694444444444444;NA;NA
"529";528;0,0275590551181102;NA;0,00595238095238095;NA;0,00694444444444444;NA;NA
"530";529;0,0354330708661417;NA;0,00595238095238095;NA;0,00694444444444444;NA;NA
"531";530;0,0275590551181102;NA;0,00595238095238095;NA;0,00694444444444444;NA;NA
"532";531;0,0118110236220472;NA;0,00595238095238095;NA;0,00694444444444444;NA;NA
"533";532;0,00393700787401575;NA;0,0297619047619048;NA;0,00694444444444444;NA;NA
"534";533;0,00393700787401575;NA;0,0535714285714286;NA;0,00694444444444444;NA;NA
"535";534;0,00393700787401575;NA;0,0535714285714286;NA;0,00694444444444444;NA;NA
"536";535;0,00393700787401575;NA;0,0297619047619048;NA;0,00694444444444444;NA;NA
"537";536;0,00393700787401575;NA;0,00595238095238095;NA;0,00694444444444444;NA;NA
"538";537;0,00393700787401575;NA;0,00595238095238095;NA;0,00694444444444444;NA;NA
"539";538;0,00393700787401575;NA;0,00595238095238095;NA;0,0486111111111111;NA;NA
"540";539;0,0275590551181102;NA;0,00595238095238095;NA;0,0486111111111111;NA;NA
"541";540;0,0196850393700787;NA;0,0416666666666667;NA;0,0763888888888889;NA;NA
"542";541;0,0433070866141732;NA;0,0535714285714286;NA;0,0625;NA;NA
"543";542;0,0118110236220472;NA;0,0535714285714286;NA;0,118055555555556;NA;NA
"544";543;0,00393700787401575;NA;0,0535714285714286;NA;0,118055555555556;NA;NA
"545";544;0,00393700787401575;NA;0,0416666666666667;NA;0,0625;NA;NA
"546";545;0,00393700787401575;NA;0,00595238095238095;NA;0,0347222222222222;NA;NA
"547";546;0,00393700787401575;NA;0,00595238095238095;NA;0,0208333333333333;NA;NA
"548";547;0,00393700787401575;NA;0,00595238095238095;NA;0,00694444444444444;NA;NA
"549";548;0,00393700787401575;NA;0,00595238095238095;NA;0,00694444444444444;NA;NA
"550";549;0,00393700787401575;NA;0,00595238095238095;NA;0,00694444444444444;NA;NA
"551";550;0,00393700787401575;NA;0,00595238095238095;NA;0,0347222222222222;NA;NA
"552";551;0,00393700787401575;NA;0,00595238095238095;NA;0,0208333333333333;NA;NA
"553";552;0,0275590551181102;NA;0,00595238095238095;NA;0,00694444444444444;NA;NA
"554";553;0,0354330708661417;NA;0,00595238095238095;NA;0,00694444444444444;NA;NA
"555";554;0,0196850393700787;NA;0,0178571428571429;NA;0,00694444444444444;NA;NA
"556";555;0,00393700787401575;NA;0,00595238095238095;NA;0,00694444444444444;NA;NA
"557";556;0,00393700787401575;NA;0,00595238095238095;NA;0,00694444444444444;NA;NA
"558";557;0,00393700787401575;NA;0,00595238095238095;NA;0,00694444444444444;NA;NA
"559";558;0,00393700787401575;NA;0,00595238095238095;NA;0,00694444444444444;NA;NA
"560";559;0,00393700787401575;NA;0,00595238095238095;NA;0,00694444444444444;NA;NA
"561";560;0,00393700787401575;NA;0,00595238095238095;NA;0,00694444444444444;NA;NA
"562";561;0,00393700787401575;NA;0,0178571428571429;NA;0,00694444444444444;NA;NA
"563";562;0,00393700787401575;NA;0,113095238095238;NA;0,00694444444444444;NA;NA
"564";563;0,00393700787401575;NA;0,125;NA;0,00694444444444444;NA;NA
"565";564;0,00393700787401575;NA;0,0892857142857143;NA;0,00694444444444444;NA;NA
"566";565;0,00393700787401575;NA;0,0654761904761905;NA;0,00694444444444444;NA;NA
"567";566;0,00393700787401575;NA;0,0654761904761905;NA;0,00694444444444444;NA;NA
"568";567;0,00393700787401575;NA;0,0654761904761905;NA;0,00694444444444444;NA;NA
"569";568;0,00393700787401575;NA;0,0773809523809524;NA;0,00694444444444444;NA;NA
"570";569;0,00393700787401575;NA;NA;NA;0,00694444444444444;NA;NA
"571";570;0,0196850393700787;NA;NA;NA;0,00694444444444444;NA;NA
"572";571;0,0275590551181102;NA;NA;NA;0,00694444444444444;NA;NA
"573";572;0,00393700787401575;NA;NA;NA;0,00694444444444444;NA;NA
"574";573;0,00393700787401575;NA;NA;NA;0,00694444444444444;NA;NA
"575";574;0,00393700787401575;NA;NA;NA;0,00694444444444444;NA;NA
"576";575;0,00393700787401575;NA;NA;NA;0,00694444444444444;NA;NA
"577";576;0,00393700787401575;NA;NA;NA;0,00694444444444444;NA;NA
"578";577;0,00393700787401575;NA;NA;NA;0,00694444444444444;NA;NA
"579";578;0,00393700787401575;NA;NA;NA;0,00694444444444444;NA;NA
"580";579;0,00393700787401575;NA;NA;NA;0,00694444444444444;NA;NA
"581";580;0,00393700787401575;NA;NA;NA;0,00694444444444444;NA;NA
"582";581;0,00393700787401575;NA;NA;NA;0,00694444444444444;NA;NA
"583";582;0,00393700787401575;NA;NA;NA;0,00694444444444444;NA;NA
"584";583;0,00393700787401575;NA;NA;NA;0,00694444444444444;NA;NA
"585";584;0,00393700787401575;NA;NA;NA;0,00694444444444444;NA;NA
"586";585;0,00393700787401575;NA;NA;NA;0,00694444444444444;NA;NA
"587";586;0,0118110236220472;NA;NA;NA;0,00694444444444444;NA;NA
"588";587;0,0275590551181102;NA;NA;NA;0,00694444444444444;NA;NA
"589";588;0,0118110236220472;NA;NA;NA;0,00694444444444444;NA;NA
"590";589;0,0196850393700787;NA;NA;NA;0,00694444444444444;NA;NA
"591";590;0,0196850393700787;NA;NA;NA;0,00694444444444444;NA;NA
"592";591;0,00393700787401575;NA;NA;NA;0,00694444444444444;NA;NA
"593";592;0,00393700787401575;NA;NA;NA;0,00694444444444444;NA;NA
"594";593;0,00393700787401575;NA;NA;NA;0,00694444444444444;NA;NA
"595";594;0,00393700787401575;NA;NA;NA;0,00694444444444444;NA;NA
"596";595;0,00393700787401575;NA;NA;NA;0,00694444444444444;NA;NA
"597";596;0,00393700787401575;NA;NA;NA;0,00694444444444444;NA;NA
"598";597;0,00393700787401575;NA;NA;NA;0,00694444444444444;NA;NA
"599";598;0,00393700787401575;NA;NA;NA;0,00694444444444444;NA;NA
"600";599;0,00393700787401575;NA;NA;NA;0,00694444444444444;NA;NA
"601";600;0,00393700787401575;NA;NA;NA;0,00694444444444444;NA;NA
"602";601;0,00393700787401575;NA;NA;NA;0,00694444444444444;NA;NA
"603";602;0,00393700787401575;NA;NA;NA;0,00694444444444444;NA;NA
"604";603;0,00393700787401575;NA;NA;NA;0,00694444444444444;NA;NA
"605";604;0,00393700787401575;NA;NA;NA;0,00694444444444444;NA;NA
"606";605;0,00393700787401575;NA;NA;NA;0,00694444444444444;NA;NA
"607";606;0,00393700787401575;NA;NA;NA;0,00694444444444444;NA;NA
"608";607;0,00393700787401575;NA;NA;NA;0,00694444444444444;NA;NA
"609";608;0,0118110236220472;NA;NA;NA;0,00694444444444444;NA;NA
"610";609;0,0196850393700787;NA;NA;NA;0,00694444444444444;NA;NA
"611";610;0,0196850393700787;NA;NA;NA;0,00694444444444444;NA;NA
"612";611;0,00393700787401575;NA;NA;NA;0,00694444444444444;NA;NA
"613";612;0,00393700787401575;NA;NA;NA;0,00694444444444444;NA;NA
"614";613;0,00393700787401575;NA;NA;NA;0,00694444444444444;NA;NA
"615";614;0,00393700787401575;NA;NA;NA;0,00694444444444444;NA;NA
"616";615;0,00393700787401575;NA;NA;NA;0,00694444444444444;NA;NA
"617";616;0,00393700787401575;NA;NA;NA;0,00694444444444444;NA;NA
"618";617;0,00393700787401575;NA;NA;NA;0,00694444444444444;NA;NA
"619";618;0,00393700787401575;NA;NA;NA;0,00694444444444444;NA;NA
"620";619;0,00393700787401575;NA;NA;NA;0,00694444444444444;NA;NA
"621";620;0,0118110236220472;NA;NA;NA;0,00694444444444444;NA;NA
"622";621;0,0196850393700787;NA;NA;NA;0,00694444444444444;NA;NA
"623";622;0,0196850393700787;NA;NA;NA;0,00694444444444444;NA;NA
"624";623;0,0196850393700787;NA;NA;NA;0,00694444444444444;NA;NA
"625";624;0,0275590551181102;NA;NA;NA;0,00694444444444444;NA;NA
"626";625;0,0511811023622047;NA;NA;NA;0,00694444444444444;NA;NA
"627";626;0,0669291338582677;NA;NA;NA;0,00694444444444444;NA;NA
"628";627;0,0984251968503937;NA;NA;NA;0,00694444444444444;NA;NA
"629";628;0,0984251968503937;NA;NA;NA;0,00694444444444444;NA;NA
"630";629;0,114173228346457;NA;NA;NA;0,00694444444444444;NA;NA
"631";630;0,122047244094488;NA;NA;NA;0,00694444444444444;NA;NA
"632";631;0,106299212598425;NA;NA;NA;0,00694444444444444;NA;NA
"633";632;0,0905511811023622;NA;NA;NA;0,00694444444444444;NA;NA
"634";633;0,0905511811023622;NA;NA;NA;0,00694444444444444;NA;NA
"635";634;0,0905511811023622;NA;NA;NA;0,00694444444444444;NA;NA
"636";635;0,0826771653543307;NA;NA;NA;0,00694444444444444;NA;NA
"637";636;0,0511811023622047;NA;NA;NA;0,00694444444444444;NA;NA
"638";637;0,0354330708661417;NA;NA;NA;0,00694444444444444;NA;NA
"639";638;0,0118110236220472;NA;NA;NA;0,00694444444444444;NA;NA
"640";639;0,00393700787401575;NA;NA;NA;0,00694444444444444;NA;NA
"641";640;0,00393700787401575;NA;NA;NA;0,00694444444444444;NA;NA
"642";641;0,00393700787401575;NA;NA;NA;0,00694444444444444;NA;NA
"643";642;0,0275590551181102;NA;NA;NA;0,00694444444444444;NA;NA
"644";643;0,0354330708661417;NA;NA;NA;0,00694444444444444;NA;NA
"645";644;0,0433070866141732;NA;NA;NA;0,00694444444444444;NA;NA
"646";645;0,0669291338582677;NA;NA;NA;0,00694444444444444;NA;NA
"647";646;0,0511811023622047;NA;NA;NA;0,00694444444444444;NA;NA
"648";647;0,0511811023622047;NA;NA;NA;0,00694444444444444;NA;NA
"649";648;0,0275590551181102;NA;NA;NA;0,00694444444444444;NA;NA
"650";649;0,00393700787401575;NA;NA;NA;0,00694444444444444;NA;NA
"651";650;0,00393700787401575;NA;NA;NA;0,00694444444444444;NA;NA
"652";651;0,00393700787401575;NA;NA;NA;0,00694444444444444;NA;NA
"653";652;0,00393700787401575;NA;NA;NA;0,00694444444444444;NA;NA
"654";653;0,00393700787401575;NA;NA;NA;0,00694444444444444;NA;NA
"655";654;0,00393700787401575;NA;NA;NA;0,00694444444444444;NA;NA
"656";655;0,00393700787401575;NA;NA;NA;0,00694444444444444;NA;NA
"657";656;0,00393700787401575;NA;NA;NA;0,00694444444444444;NA;NA
"658";657;0,00393700787401575;NA;NA;NA;0,00694444444444444;NA;NA
"659";658;0,00393700787401575;NA;NA;NA;0,00694444444444444;NA;NA
"660";659;0,00393700787401575;NA;NA;NA;0,00694444444444444;NA;NA
"661";660;0,0118110236220472;NA;NA;NA;0,00694444444444444;NA;NA
"662";661;0,0118110236220472;NA;NA;NA;0,00694444444444444;NA;NA
"663";662;0,00393700787401575;NA;NA;NA;0,00694444444444444;NA;NA
"664";663;0,00393700787401575;NA;NA;NA;0,00694444444444444;NA;NA
"665";664;0,00393700787401575;NA;NA;NA;0,00694444444444444;NA;NA
"666";665;0,0275590551181102;NA;NA;NA;0,00694444444444444;NA;NA
"667";666;0,0196850393700787;NA;NA;NA;0,00694444444444444;NA;NA
"668";667;0,0196850393700787;NA;NA;NA;0,00694444444444444;NA;NA
"669";668;0,0118110236220472;NA;NA;NA;0,00694444444444444;NA;NA
"670";669;0,00393700787401575;NA;NA;NA;0,00694444444444444;NA;NA
"671";670;0,00393700787401575;NA;NA;NA;0,00694444444444444;NA;NA
"672";671;0,00393700787401575;NA;NA;NA;0,00694444444444444;NA;NA
"673";672;0,00393700787401575;NA;NA;NA;0,00694444444444444;NA;NA
"674";673;0,00393700787401575;NA;NA;NA;0,00694444444444444;NA;NA
"675";674;0,00393700787401575;NA;NA;NA;0,00694444444444444;NA;NA
"676";675;0,00393700787401575;NA;NA;NA;0,00694444444444444;NA;NA
"677";676;0,00393700787401575;NA;NA;NA;0,00694444444444444;NA;NA
"678";677;0,00393700787401575;NA;NA;NA;0,00694444444444444;NA;NA
"679";678;0,00393700787401575;NA;NA;NA;0,00694444444444444;NA;NA
"680";679;0,00393700787401575;NA;NA;NA;0,00694444444444444;NA;NA
"681";680;0,00393700787401575;NA;NA;NA;0,00694444444444444;NA;NA
"682";681;0,00393700787401575;NA;NA;NA;0,00694444444444444;NA;NA
"683";682;0,00393700787401575;NA;NA;NA;0,00694444444444444;NA;NA
"684";683;0,00393700787401575;NA;NA;NA;0,00694444444444444;NA;NA
"685";684;0,00393700787401575;NA;NA;NA;0,00694444444444444;NA;NA
"686";685;0,00393700787401575;NA;NA;NA;0,00694444444444444;NA;NA
"687";686;0,00393700787401575;NA;NA;NA;0,00694444444444444;NA;NA
"688";687;0,00393700787401575;NA;NA;NA;0,00694444444444444;NA;NA
"689";688;0,00393700787401575;NA;NA;NA;0,00694444444444444;NA;NA
"690";689;0,00393700787401575;NA;NA;NA;0,00694444444444444;NA;NA
"691";690;0,00393700787401575;NA;NA;NA;0,00694444444444444;NA;NA
"692";691;0,00393700787401575;NA;NA;NA;0,00694444444444444;NA;NA
"693";692;0,00393700787401575;NA;NA;NA;0,00694444444444444;NA;NA
"694";693;0,00393700787401575;NA;NA;NA;0,00694444444444444;NA;NA
"695";694;0,00393700787401575;NA;NA;NA;0,00694444444444444;NA;NA
"696";695;0,00393700787401575;NA;NA;NA;0,00694444444444444;NA;NA
"697";696;0,00393700787401575;NA;NA;NA;0,00694444444444444;NA;NA
"698";697;0,00393700787401575;NA;NA;NA;0,00694444444444444;NA;NA
"699";698;0,00393700787401575;NA;NA;NA;0,00694444444444444;NA;NA
"700";699;0,00393700787401575;NA;NA;NA;0,00694444444444444;NA;NA
"701";700;0,00393700787401575;NA;NA;NA;0,00694444444444444;NA;NA
"702";701;0,00393700787401575;NA;NA;NA;0,00694444444444444;NA;NA
"703";702;0,00393700787401575;NA;NA;NA;0,00694444444444444;NA;NA
"704";703;0,00393700787401575;NA;NA;NA;0,00694444444444444;NA;NA
"705";704;0,00393700787401575;NA;NA;NA;0,00694444444444444;NA;NA
"706";705;0,00393700787401575;NA;NA;NA;0,00694444444444444;NA;NA
"707";706;0,00393700787401575;NA;NA;NA;0,00694444444444444;NA;NA
"708";707;0,00393700787401575;NA;NA;NA;0,00694444444444444;NA;NA
"709";708;0,00393700787401575;NA;NA;NA;0,00694444444444444;NA;NA
"710";709;0,00393700787401575;NA;NA;NA;0,00694444444444444;NA;NA
"711";710;0,00393700787401575;NA;NA;NA;0,00694444444444444;NA;NA
"712";711;0,00393700787401575;NA;NA;NA;0,00694444444444444;NA;NA
"713";712;0,00393700787401575;NA;NA;NA;0,00694444444444444;NA;NA
"714";713;0,00393700787401575;NA;NA;NA;0,00694444444444444;NA;NA
"715";714;0,00393700787401575;NA;NA;NA;0,00694444444444444;NA;NA
"716";715;0,00393700787401575;NA;NA;NA;0,00694444444444444;NA;NA
"717";716;0,00393700787401575;NA;NA;NA;0,00694444444444444;NA;NA
"718";717;0,00393700787401575;NA;NA;NA;0,00694444444444444;NA;NA
"719";718;0,00393700787401575;NA;NA;NA;0,00694444444444444;NA;NA
"720";719;0,00393700787401575;NA;NA;NA;0,00694444444444444;NA;NA
"721";720;0,00393700787401575;NA;NA;NA;0,00694444444444444;NA;NA
"722";721;0,00393700787401575;NA;NA;NA;0,00694444444444444;NA;NA
"723";722;0,00393700787401575;NA;NA;NA;0,00694444444444444;NA;NA
"724";723;0,00393700787401575;NA;NA;NA;0,00694444444444444;NA;NA
"725";724;0,00393700787401575;NA;NA;NA;0,00694444444444444;NA;NA
"726";725;0,00393700787401575;NA;NA;NA;0,00694444444444444;NA;NA
"727";726;0,00393700787401575;NA;NA;NA;0,00694444444444444;NA;NA
"728";727;0,00393700787401575;NA;NA;NA;0,00694444444444444;NA;NA
"729";728;0,00393700787401575;NA;NA;NA;0,00694444444444444;NA;NA
"730";729;0,00393700787401575;NA;NA;NA;0,00694444444444444;NA;NA
"731";730;0,00393700787401575;NA;NA;NA;0,00694444444444444;NA;NA
"732";731;0,00393700787401575;NA;NA;NA;0,00694444444444444;NA;NA
"733";732;0,00393700787401575;NA;NA;NA;0,00694444444444444;NA;NA
"734";733;0,00393700787401575;NA;NA;NA;0,00694444444444444;NA;NA
"735";734;0,0118110236220472;NA;NA;NA;0,00694444444444444;NA;NA
"736";735;0,0196850393700787;NA;NA;NA;0,00694444444444444;NA;NA
"737";736;0,0275590551181102;NA;NA;NA;0,00694444444444444;NA;NA
"738";737;0,0275590551181102;NA;NA;NA;0,00694444444444444;NA;NA
"739";738;0,0118110236220472;NA;NA;NA;0,00694444444444444;NA;NA
"740";739;0,00393700787401575;NA;NA;NA;0,00694444444444444;NA;NA
"741";740;0,00393700787401575;NA;NA;NA;0,00694444444444444;NA;NA
"742";741;0,00393700787401575;NA;NA;NA;0,00694444444444444;NA;NA
"743";742;0,00393700787401575;NA;NA;NA;0,00694444444444444;NA;NA
"744";743;0,00393700787401575;NA;NA;NA;0,00694444444444444;NA;NA
"745";744;0,00393700787401575;NA;NA;NA;0,00694444444444444;NA;NA
"746";745;0,00393700787401575;NA;NA;NA;0,00694444444444444;NA;NA
"747";746;0,00393700787401575;NA;NA;NA;0,00694444444444444;NA;NA
"748";747;0,00393700787401575;NA;NA;NA;0,00694444444444444;NA;NA
"749";748;0,00393700787401575;NA;NA;NA;0,00694444444444444;NA;NA
"750";749;0,00393700787401575;NA;NA;NA;0,00694444444444444;NA;NA
"751";750;0,00393700787401575;NA;NA;NA;0,00694444444444444;NA;NA
"752";751;0,00393700787401575;NA;NA;NA;0,00694444444444444;NA;NA
"753";752;0,00393700787401575;NA;NA;NA;NA;NA;NA
"754";753;0,00393700787401575;NA;NA;NA;NA;NA;NA
"755";754;0,00393700787401575;NA;NA;NA;NA;NA;NA
"756";755;0,00393700787401575;NA;NA;NA;NA;NA;NA
"757";756;0,00393700787401575;NA;NA;NA;NA;NA;NA
"758";757;0,0196850393700787;NA;NA;NA;NA;NA;NA
"759";758;0,0118110236220472;NA;NA;NA;NA;NA;NA
"760";759;0,00393700787401575;NA;NA;NA;NA;NA;NA
"761";760;0,00393700787401575;NA;NA;NA;NA;NA;NA
"762";761;0,00393700787401575;NA;NA;NA;NA;NA;NA
"763";762;0,00393700787401575;NA;NA;NA;NA;NA;NA
"764";763;0,00393700787401575;NA;NA;NA;NA;NA;NA
"765";764;0,00393700787401575;NA;NA;NA;NA;NA;NA
"766";765;0,00393700787401575;NA;NA;NA;NA;NA;NA
"767";766;0,00393700787401575;NA;NA;NA;NA;NA;NA
"768";767;0,00393700787401575;NA;NA;NA;NA;NA;NA
"769";768;0,00393700787401575;NA;NA;NA;NA;NA;NA
"770";769;0,00393700787401575;NA;NA;NA;NA;NA;NA
"771";770;0,00393700787401575;NA;NA;NA;NA;NA;NA
"772";771;0,00393700787401575;NA;NA;NA;NA;NA;NA
"773";772;0,00393700787401575;NA;NA;NA;NA;NA;NA
"774";773;0,00393700787401575;NA;NA;NA;NA;NA;NA
"775";774;0,00393700787401575;NA;NA;NA;NA;NA;NA
"776";775;0,00393700787401575;NA;NA;NA;NA;NA;NA
"777";776;0,00393700787401575;NA;NA;NA;NA;NA;NA
"778";777;0,00393700787401575;NA;NA;NA;NA;NA;NA
"779";778;0,00393700787401575;NA;NA;NA;NA;NA;NA
"780";779;0,00393700787401575;NA;NA;NA;NA;NA;NA
"781";780;0,00393700787401575;NA;NA;NA;NA;NA;NA
"782";781;0,00393700787401575;NA;NA;NA;NA;NA;NA
"783";782;0,00393700787401575;NA;NA;NA;NA;NA;NA
"784";783;0,00393700787401575;NA;NA;NA;NA;NA;NA
"785";784;0,00393700787401575;NA;NA;NA;NA;NA;NA
"786";785;0,00393700787401575;NA;NA;NA;NA;NA;NA
"787";786;0,00393700787401575;NA;NA;NA;NA;NA;NA
"788";787;0,00393700787401575;NA;NA;NA;NA;NA;NA
"789";788;0,00393700787401575;NA;NA;NA;NA;NA;NA
"790";789;0,00393700787401575;NA;NA;NA;NA;NA;NA
"791";790;0,0118110236220472;NA;NA;NA;NA;NA;NA
"792";791;0,0196850393700787;NA;NA;NA;NA;NA;NA
"793";792;0,0354330708661417;NA;NA;NA;NA;NA;NA
"794";793;0,0275590551181102;NA;NA;NA;NA;NA;NA
"795";794;0,0118110236220472;NA;NA;NA;NA;NA;NA
"796";795;0,00393700787401575;NA;NA;NA;NA;NA;NA
"797";796;0,00393700787401575;NA;NA;NA;NA;NA;NA
"798";797;0,00393700787401575;NA;NA;NA;NA;NA;NA
"799";798;0,00393700787401575;NA;NA;NA;NA;NA;NA
"800";799;0,00393700787401575;NA;NA;NA;NA;NA;NA
"801";800;0,00393700787401575;NA;NA;NA;NA;NA;NA
"802";801;0,00393700787401575;NA;NA;NA;NA;NA;NA
"803";802;0,00393700787401575;NA;NA;NA;NA;NA;NA
"804";803;0,00393700787401575;NA;NA;NA;NA;NA;NA
"805";804;0,00393700787401575;NA;NA;NA;NA;NA;NA
"806";805;0,00393700787401575;NA;NA;NA;NA;NA;NA
"807";806;0,00393700787401575;NA;NA;NA;NA;NA;NA
"808";807;0,00393700787401575;NA;NA;NA;NA;NA;NA
"809";808;0,00393700787401575;NA;NA;NA;NA;NA;NA
"810";809;0,00393700787401575;NA;NA;NA;NA;NA;NA
"811";810;0,00393700787401575;NA;NA;NA;NA;NA;NA
"812";811;0,00393700787401575;NA;NA;NA;NA;NA;NA
"813";812;0,00393700787401575;NA;NA;NA;NA;NA;NA
"814";813;0,00393700787401575;NA;NA;NA;NA;NA;NA
"815";814;0,00393700787401575;NA;NA;NA;NA;NA;NA
"816";815;0,00393700787401575;NA;NA;NA;NA;NA;NA
"817";816;0,00393700787401575;NA;NA;NA;NA;NA;NA
"818";817;0,00393700787401575;NA;NA;NA;NA;NA;NA
"819";818;0,00393700787401575;NA;NA;NA;NA;NA;NA
"820";819;0,00393700787401575;NA;NA;NA;NA;NA;NA
"821";820;0,00393700787401575;NA;NA;NA;NA;NA;NA
"822";821;0,00393700787401575;NA;NA;NA;NA;NA;NA
"823";822;0,00393700787401575;NA;NA;NA;NA;NA;NA
"824";823;0,00393700787401575;NA;NA;NA;NA;NA;NA
"825";824;0,00393700787401575;NA;NA;NA;NA;NA;NA
"826";825;0,00393700787401575;NA;NA;NA;NA;NA;NA
"827";826;0,00393700787401575;NA;NA;NA;NA;NA;NA
"828";827;0,00393700787401575;NA;NA;NA;NA;NA;NA
"829";828;0,00393700787401575;NA;NA;NA;NA;NA;NA
"830";829;0,00393700787401575;NA;NA;NA;NA;NA;NA
"831";830;0,00393700787401575;NA;NA;NA;NA;NA;NA
"832";831;0,00393700787401575;NA;NA;NA;NA;NA;NA
"833";832;0,00393700787401575;NA;NA;NA;NA;NA;NA
"834";833;0,00393700787401575;NA;NA;NA;NA;NA;NA
"835";834;0,00393700787401575;NA;NA;NA;NA;NA;NA
"836";835;0,00393700787401575;NA;NA;NA;NA;NA;NA
"837";836;0,00393700787401575;NA;NA;NA;NA;NA;NA
"838";837;0,00393700787401575;NA;NA;NA;NA;NA;NA
"839";838;0,00393700787401575;NA;NA;NA;NA;NA;NA
"840";839;0,00393700787401575;NA;NA;NA;NA;NA;NA
"841";840;0,00393700787401575;NA;NA;NA;NA;NA;NA
"842";841;0,00393700787401575;NA;NA;NA;NA;NA;NA
"843";842;0,00393700787401575;NA;NA;NA;NA;NA;NA
"844";843;0,00393700787401575;NA;NA;NA;NA;NA;NA
"845";844;0,00393700787401575;NA;NA;NA;NA;NA;NA
"846";845;0,00393700787401575;NA;NA;NA;NA;NA;NA
"847";846;0,00393700787401575;NA;NA;NA;NA;NA;NA
"848";847;0,00393700787401575;NA;NA;NA;NA;NA;NA
"849";848;0,00393700787401575;NA;NA;NA;NA;NA;NA
"850";849;0,00393700787401575;NA;NA;NA;NA;NA;NA
"851";850;0,00393700787401575;NA;NA;NA;NA;NA;NA
"852";851;0,00393700787401575;NA;NA;NA;NA;NA;NA
"853";852;0,00393700787401575;NA;NA;NA;NA;NA;NA
"854";853;0,00393700787401575;NA;NA;NA;NA;NA;NA
"855";854;0,00393700787401575;NA;NA;NA;NA;NA;NA
"856";855;0,00393700787401575;NA;NA;NA;NA;NA;NA
"857";856;0,00393700787401575;NA;NA;NA;NA;NA;NA
"858";857;0,00393700787401575;NA;NA;NA;NA;NA;NA
"859";858;0,00393700787401575;NA;NA;NA;NA;NA;NA
"860";859;0,00393700787401575;NA;NA;NA;NA;NA;NA
"861";860;0,00393700787401575;NA;NA;NA;NA;NA;NA
"862";861;0,00393700787401575;NA;NA;NA;NA;NA;NA
"863";862;0,00393700787401575;NA;NA;NA;NA;NA;NA
"864";863;0,00393700787401575;NA;NA;NA;NA;NA;NA
"865";864;0,00393700787401575;NA;NA;NA;NA;NA;NA
"866";865;0,00393700787401575;NA;NA;NA;NA;NA;NA
"867";866;0,00393700787401575;NA;NA;NA;NA;NA;NA
"868";867;0,00393700787401575;NA;NA;NA;NA;NA;NA
"869";868;0,00393700787401575;NA;NA;NA;NA;NA;NA
"870";869;0,00393700787401575;NA;NA;NA;NA;NA;NA
"871";870;0,00393700787401575;NA;NA;NA;NA;NA;NA
"872";871;0,00393700787401575;NA;NA;NA;NA;NA;NA
"873";872;0,00393700787401575;NA;NA;NA;NA;NA;NA
"874";873;0,00393700787401575;NA;NA;NA;NA;NA;NA
"875";874;0,00393700787401575;NA;NA;NA;NA;NA;NA
"876";875;0,00393700787401575;NA;NA;NA;NA;NA;NA
"877";876;0,00393700787401575;NA;NA;NA;NA;NA;NA
"878";877;0,00393700787401575;NA;NA;NA;NA;NA;NA
"879";878;0,00393700787401575;NA;NA;NA;NA;NA;NA
"880";879;0,00393700787401575;NA;NA;NA;NA;NA;NA
"881";880;0,00393700787401575;NA;NA;NA;NA;NA;NA
"882";881;0,00393700787401575;NA;NA;NA;NA;NA;NA
"883";882;0,00393700787401575;NA;NA;NA;NA;NA;NA
"884";883;0,00393700787401575;NA;NA;NA;NA;NA;NA
"885";884;0,00393700787401575;NA;NA;NA;NA;NA;NA
"886";885;0,00393700787401575;NA;NA;NA;NA;NA;NA
"887";886;0,00393700787401575;NA;NA;NA;NA;NA;NA
"888";887;0,00393700787401575;NA;NA;NA;NA;NA;NA
"889";888;0,00393700787401575;NA;NA;NA;NA;NA;NA
"890";889;0,00393700787401575;NA;NA;NA;NA;NA;NA
